"Gene.ID","chromosome_name","start_position","end_position","Row.names","baseMean","log2FoldChange","lfcSE","stat","pvalue","padj","Gene.Name"
"ENSG00000124216","chr20",49982980,49988886,"ENSG00000124216",53.8864585141774,-4.15505528027373,0.454767651991705,-9.13665530535475,6.44136900350774e-20,3.26300589314055e-18,"SNAI1"
"ENSG00000154096","chr11",119415476,119424985,"ENSG00000154096",3146.01390083656,12.3719335390022,0.840616806648153,14.7176852058592,4.96361829314976e-49,1.10634539374042e-46,"THY1"
"ENSG00000166049","chrX",151563675,151676739,"ENSG00000166049",251.228544115509,11.075917995185,1.19214485921074,9.29074844353886,1.53207159121864e-20,8.57610303047916e-19,"PASD1"
"ENSG00000198879","chr10",7158624,7411488,"ENSG00000198879",260.22213715198,-11.8075339864908,1.20886180674415,-9.76748038577894,1.55265329709697e-22,1.03445525919086e-20,"SFMBT2"
